rank,phase,eval_split,score,val_score,test_score,mrr,recall_at_k,params,time_sec,model,config_json
1,coarse,val,0.5897447830047703,0.5897447830047703,,0.5897447830047703,0.591295647823912,117504,38.9779,jodie_rnn,"{""dataset"": ""wikipedia"", ""dataset_dir"": ""data/public"", ""local_data_path"": """", ""train_ratio"": 0.7, ""val_ratio"": 0.1, ""max_events"": 20000, ""num_users"": 2116, ""num_items"": 648, ""num_interactions"": 3000, ""feature_dim"": 8, ""lr"": 0.0003, ""neg_sample_size"": 5, ""k"": 10, ""selection_metric"": ""mrr"", ""seed"": 42, ""model"": ""jodie_rnn"", ""embedding_dim"": 128, ""hidden_dim"": 0, ""event_agg"": ""none"", ""agg_activation"": ""none"", ""attn_type"": ""dot"", ""time_decay"": ""none"", ""max_neighbors"": 0, ""memory_cell"": ""lstm"", ""time_proj"": ""off"", ""memory_gate"": ""off"", ""enable_event_agg"": ""off"", ""enable_graph_update"": ""off"", ""message_mode"": ""peer"", ""msg_linear"": ""off""}"
2,final,test,0.5850451270516444,,0.5850451270516444,0.5850451270516444,0.5896025993501625,117504,120.3941,jodie_rnn,"{""dataset"": ""wikipedia"", ""dataset_dir"": ""data/public"", ""local_data_path"": """", ""train_ratio"": 0.7, ""val_ratio"": 0.1, ""max_events"": 20000, ""num_users"": 2116, ""num_items"": 648, ""num_interactions"": 3000, ""feature_dim"": 8, ""lr"": 0.0003, ""neg_sample_size"": 5, ""k"": 10, ""selection_metric"": ""mrr"", ""seed"": 42, ""model"": ""jodie_rnn"", ""embedding_dim"": 128, ""hidden_dim"": 0, ""event_agg"": ""none"", ""agg_activation"": ""none"", ""attn_type"": ""dot"", ""time_decay"": ""none"", ""max_neighbors"": 0, ""memory_cell"": ""lstm"", ""time_proj"": ""off"", ""memory_gate"": ""off"", ""enable_event_agg"": ""off"", ""enable_graph_update"": ""off"", ""message_mode"": ""peer"", ""msg_linear"": ""off""}"
3,rerank,val,0.5775758702042344,0.5775758702042344,,0.5775758702042344,0.5787893946973487,117504,109.2309,jodie_rnn,"{""dataset"": ""wikipedia"", ""dataset_dir"": ""data/public"", ""local_data_path"": """", ""train_ratio"": 0.7, ""val_ratio"": 0.1, ""max_events"": 20000, ""num_users"": 2116, ""num_items"": 648, ""num_interactions"": 3000, ""feature_dim"": 8, ""lr"": 0.0003, ""neg_sample_size"": 5, ""k"": 10, ""selection_metric"": ""mrr"", ""seed"": 42, ""model"": ""jodie_rnn"", ""embedding_dim"": 128, ""hidden_dim"": 0, ""event_agg"": ""none"", ""agg_activation"": ""none"", ""attn_type"": ""dot"", ""time_decay"": ""none"", ""max_neighbors"": 0, ""memory_cell"": ""lstm"", ""time_proj"": ""off"", ""memory_gate"": ""off"", ""enable_event_agg"": ""off"", ""enable_graph_update"": ""off"", ""message_mode"": ""peer"", ""msg_linear"": ""off""}"
4,rerank,val,0.5701946771564613,0.5701946771564613,,0.5701946771564613,0.5747873936968484,117504,109.6058,jodie_rnn,"{""dataset"": ""wikipedia"", ""dataset_dir"": ""data/public"", ""local_data_path"": """", ""train_ratio"": 0.7, ""val_ratio"": 0.1, ""max_events"": 20000, ""num_users"": 2116, ""num_items"": 648, ""num_interactions"": 3000, ""feature_dim"": 8, ""lr"": 0.0003, ""neg_sample_size"": 5, ""k"": 10, ""selection_metric"": ""mrr"", ""seed"": 42, ""model"": ""jodie_rnn"", ""embedding_dim"": 128, ""hidden_dim"": 0, ""event_agg"": ""none"", ""agg_activation"": ""none"", ""attn_type"": ""dot"", ""time_decay"": ""none"", ""max_neighbors"": 0, ""memory_cell"": ""add"", ""time_proj"": ""off"", ""memory_gate"": ""off"", ""enable_event_agg"": ""off"", ""enable_graph_update"": ""off"", ""message_mode"": ""peer"", ""msg_linear"": ""off""}"
5,coarse,val,0.569289393484416,0.569289393484416,,0.569289393484416,0.5717858929464732,117504,40.0704,jodie_rnn,"{""dataset"": ""wikipedia"", ""dataset_dir"": ""data/public"", ""local_data_path"": """", ""train_ratio"": 0.7, ""val_ratio"": 0.1, ""max_events"": 20000, ""num_users"": 2116, ""num_items"": 648, ""num_interactions"": 3000, ""feature_dim"": 8, ""lr"": 0.0003, ""neg_sample_size"": 5, ""k"": 10, ""selection_metric"": ""mrr"", ""seed"": 42, ""model"": ""jodie_rnn"", ""embedding_dim"": 128, ""hidden_dim"": 0, ""event_agg"": ""none"", ""agg_activation"": ""none"", ""attn_type"": ""dot"", ""time_decay"": ""none"", ""max_neighbors"": 0, ""memory_cell"": ""add"", ""time_proj"": ""off"", ""memory_gate"": ""off"", ""enable_event_agg"": ""off"", ""enable_graph_update"": ""off"", ""message_mode"": ""peer"", ""msg_linear"": ""off""}"
6,coarse,val,0.5682590542594548,0.5682590542594548,,0.5682590542594548,0.5707853926963482,117504,40.3849,jodie_rnn,"{""dataset"": ""wikipedia"", ""dataset_dir"": ""data/public"", ""local_data_path"": """", ""train_ratio"": 0.7, ""val_ratio"": 0.1, ""max_events"": 20000, ""num_users"": 2116, ""num_items"": 648, ""num_interactions"": 3000, ""feature_dim"": 8, ""lr"": 0.0003, ""neg_sample_size"": 5, ""k"": 10, ""selection_metric"": ""mrr"", ""seed"": 42, ""model"": ""jodie_rnn"", ""embedding_dim"": 128, ""hidden_dim"": 0, ""event_agg"": ""none"", ""agg_activation"": ""none"", ""attn_type"": ""dot"", ""time_decay"": ""none"", ""max_neighbors"": 0, ""memory_cell"": ""lstm"", ""time_proj"": ""off"", ""memory_gate"": ""off"", ""enable_event_agg"": ""off"", ""enable_graph_update"": ""off"", ""message_mode"": ""peer"", ""msg_linear"": ""off""}"
7,rerank,val,0.5681593975152486,0.5681593975152486,,0.5681593975152486,0.5682841420710355,117504,109.9476,jodie_rnn,"{""dataset"": ""wikipedia"", ""dataset_dir"": ""data/public"", ""local_data_path"": """", ""train_ratio"": 0.7, ""val_ratio"": 0.1, ""max_events"": 20000, ""num_users"": 2116, ""num_items"": 648, ""num_interactions"": 3000, ""feature_dim"": 8, ""lr"": 0.0003, ""neg_sample_size"": 5, ""k"": 10, ""selection_metric"": ""mrr"", ""seed"": 42, ""model"": ""jodie_rnn"", ""embedding_dim"": 128, ""hidden_dim"": 0, ""event_agg"": ""none"", ""agg_activation"": ""none"", ""attn_type"": ""dot"", ""time_decay"": ""none"", ""max_neighbors"": 0, ""memory_cell"": ""lstm"", ""time_proj"": ""off"", ""memory_gate"": ""off"", ""enable_event_agg"": ""off"", ""enable_graph_update"": ""off"", ""message_mode"": ""peer"", ""msg_linear"": ""off""}"
8,coarse,val,0.5637253790106931,0.5637253790106931,,0.5637253790106931,0.5642821410705353,117504,40.7549,jodie_rnn,"{""dataset"": ""wikipedia"", ""dataset_dir"": ""data/public"", ""local_data_path"": """", ""train_ratio"": 0.7, ""val_ratio"": 0.1, ""max_events"": 20000, ""num_users"": 2116, ""num_items"": 648, ""num_interactions"": 3000, ""feature_dim"": 8, ""lr"": 0.0003, ""neg_sample_size"": 5, ""k"": 10, ""selection_metric"": ""mrr"", ""seed"": 42, ""model"": ""jodie_rnn"", ""embedding_dim"": 128, ""hidden_dim"": 0, ""event_agg"": ""none"", ""agg_activation"": ""none"", ""attn_type"": ""dot"", ""time_decay"": ""none"", ""max_neighbors"": 0, ""memory_cell"": ""rnn"", ""time_proj"": ""off"", ""memory_gate"": ""off"", ""enable_event_agg"": ""off"", ""enable_graph_update"": ""off"", ""message_mode"": ""peer"", ""msg_linear"": ""off""}"
9,rerank,val,0.5537468200813792,0.5537468200813792,,0.5537468200813792,0.5557778889444722,117504,109.6151,jodie_rnn,"{""dataset"": ""wikipedia"", ""dataset_dir"": ""data/public"", ""local_data_path"": """", ""train_ratio"": 0.7, ""val_ratio"": 0.1, ""max_events"": 20000, ""num_users"": 2116, ""num_items"": 648, ""num_interactions"": 3000, ""feature_dim"": 8, ""lr"": 0.0003, ""neg_sample_size"": 5, ""k"": 10, ""selection_metric"": ""mrr"", ""seed"": 42, ""model"": ""jodie_rnn"", ""embedding_dim"": 128, ""hidden_dim"": 0, ""event_agg"": ""none"", ""agg_activation"": ""none"", ""attn_type"": ""dot"", ""time_decay"": ""none"", ""max_neighbors"": 0, ""memory_cell"": ""lstm"", ""time_proj"": ""off"", ""memory_gate"": ""off"", ""enable_event_agg"": ""off"", ""enable_graph_update"": ""off"", ""message_mode"": ""peer"", ""msg_linear"": ""off""}"
10,rerank,val,0.5507086119478052,0.5507086119478052,,0.5507086119478052,0.5567783891945973,117504,108.9491,jodie_rnn,"{""dataset"": ""wikipedia"", ""dataset_dir"": ""data/public"", ""local_data_path"": """", ""train_ratio"": 0.7, ""val_ratio"": 0.1, ""max_events"": 20000, ""num_users"": 2116, ""num_items"": 648, ""num_interactions"": 3000, ""feature_dim"": 8, ""lr"": 0.0003, ""neg_sample_size"": 5, ""k"": 10, ""selection_metric"": ""mrr"", ""seed"": 42, ""model"": ""jodie_rnn"", ""embedding_dim"": 128, ""hidden_dim"": 0, ""event_agg"": ""none"", ""agg_activation"": ""none"", ""attn_type"": ""dot"", ""time_decay"": ""none"", ""max_neighbors"": 0, ""memory_cell"": ""rnn"", ""time_proj"": ""off"", ""memory_gate"": ""off"", ""enable_event_agg"": ""off"", ""enable_graph_update"": ""off"", ""message_mode"": ""peer"", ""msg_linear"": ""off""}"
11,coarse,val,0.5504693900644104,0.5504693900644104,,0.5504693900644104,0.5502751375687844,117504,41.2617,jodie_rnn,"{""dataset"": ""wikipedia"", ""dataset_dir"": ""data/public"", ""local_data_path"": """", ""train_ratio"": 0.7, ""val_ratio"": 0.1, ""max_events"": 20000, ""num_users"": 2116, ""num_items"": 648, ""num_interactions"": 3000, ""feature_dim"": 8, ""lr"": 0.0003, ""neg_sample_size"": 5, ""k"": 10, ""selection_metric"": ""mrr"", ""seed"": 42, ""model"": ""jodie_rnn"", ""embedding_dim"": 128, ""hidden_dim"": 0, ""event_agg"": ""none"", ""agg_activation"": ""none"", ""attn_type"": ""dot"", ""time_decay"": ""none"", ""max_neighbors"": 0, ""memory_cell"": ""lstm"", ""time_proj"": ""off"", ""memory_gate"": ""off"", ""enable_event_agg"": ""off"", ""enable_graph_update"": ""off"", ""message_mode"": ""peer"", ""msg_linear"": ""off""}"
12,coarse,val,0.5389983401551381,0.5389983401551381,,0.5389983401551381,0.5502751375687844,30080,32.6583,jodie_rnn,"{""dataset"": ""wikipedia"", ""dataset_dir"": ""data/public"", ""local_data_path"": """", ""train_ratio"": 0.7, ""val_ratio"": 0.1, ""max_events"": 20000, ""num_users"": 2116, ""num_items"": 648, ""num_interactions"": 3000, ""feature_dim"": 8, ""lr"": 0.0003, ""neg_sample_size"": 5, ""k"": 10, ""selection_metric"": ""mrr"", ""seed"": 42, ""model"": ""jodie_rnn"", ""embedding_dim"": 64, ""hidden_dim"": 0, ""event_agg"": ""none"", ""agg_activation"": ""none"", ""attn_type"": ""dot"", ""time_decay"": ""none"", ""max_neighbors"": 0, ""memory_cell"": ""rnn"", ""time_proj"": ""off"", ""memory_gate"": ""off"", ""enable_event_agg"": ""off"", ""enable_graph_update"": ""off"", ""message_mode"": ""peer"", ""msg_linear"": ""off""}"
13,rerank,val,0.5049889871732185,0.5049889871732185,,0.5049889871732185,0.5147573786893447,30080,93.8658,jodie_rnn,"{""dataset"": ""wikipedia"", ""dataset_dir"": ""data/public"", ""local_data_path"": """", ""train_ratio"": 0.7, ""val_ratio"": 0.1, ""max_events"": 20000, ""num_users"": 2116, ""num_items"": 648, ""num_interactions"": 3000, ""feature_dim"": 8, ""lr"": 0.0003, ""neg_sample_size"": 5, ""k"": 10, ""selection_metric"": ""mrr"", ""seed"": 42, ""model"": ""jodie_rnn"", ""embedding_dim"": 64, ""hidden_dim"": 0, ""event_agg"": ""none"", ""agg_activation"": ""none"", ""attn_type"": ""dot"", ""time_decay"": ""none"", ""max_neighbors"": 0, ""memory_cell"": ""rnn"", ""time_proj"": ""off"", ""memory_gate"": ""off"", ""enable_event_agg"": ""off"", ""enable_graph_update"": ""off"", ""message_mode"": ""peer"", ""msg_linear"": ""off""}"
14,coarse,val,0.4922293294949949,0.4922293294949949,,0.4922293294949949,0.5042521260630315,30080,35.6517,jodie_rnn,"{""dataset"": ""wikipedia"", ""dataset_dir"": ""data/public"", ""local_data_path"": """", ""train_ratio"": 0.7, ""val_ratio"": 0.1, ""max_events"": 20000, ""num_users"": 2116, ""num_items"": 648, ""num_interactions"": 3000, ""feature_dim"": 8, ""lr"": 0.0003, ""neg_sample_size"": 5, ""k"": 10, ""selection_metric"": ""mrr"", ""seed"": 42, ""model"": ""jodie_rnn"", ""embedding_dim"": 64, ""hidden_dim"": 0, ""event_agg"": ""none"", ""agg_activation"": ""none"", ""attn_type"": ""dot"", ""time_decay"": ""none"", ""max_neighbors"": 0, ""memory_cell"": ""rnn"", ""time_proj"": ""off"", ""memory_gate"": ""off"", ""enable_event_agg"": ""off"", ""enable_graph_update"": ""off"", ""message_mode"": ""peer"", ""msg_linear"": ""off""}"
15,rerank,val,0.49124442153794196,0.49124442153794196,,0.49124442153794196,0.5012506253126563,30080,92.2697,jodie_rnn,"{""dataset"": ""wikipedia"", ""dataset_dir"": ""data/public"", ""local_data_path"": """", ""train_ratio"": 0.7, ""val_ratio"": 0.1, ""max_events"": 20000, ""num_users"": 2116, ""num_items"": 648, ""num_interactions"": 3000, ""feature_dim"": 8, ""lr"": 0.0003, ""neg_sample_size"": 5, ""k"": 10, ""selection_metric"": ""mrr"", ""seed"": 42, ""model"": ""jodie_rnn"", ""embedding_dim"": 64, ""hidden_dim"": 0, ""event_agg"": ""none"", ""agg_activation"": ""none"", ""attn_type"": ""dot"", ""time_decay"": ""none"", ""max_neighbors"": 0, ""memory_cell"": ""rnn"", ""time_proj"": ""off"", ""memory_gate"": ""off"", ""enable_event_agg"": ""off"", ""enable_graph_update"": ""off"", ""message_mode"": ""peer"", ""msg_linear"": ""off""}"
16,rerank,val,0.45016453014460056,0.45016453014460056,,0.45016453014460056,0.5547773886943472,81792,116.7631,jodie_rnn,"{""dataset"": ""wikipedia"", ""dataset_dir"": ""data/public"", ""local_data_path"": """", ""train_ratio"": 0.7, ""val_ratio"": 0.1, ""max_events"": 20000, ""num_users"": 2116, ""num_items"": 648, ""num_interactions"": 3000, ""feature_dim"": 8, ""lr"": 0.0003, ""neg_sample_size"": 5, ""k"": 10, ""selection_metric"": ""mrr"", ""seed"": 42, ""model"": ""jodie_rnn"", ""embedding_dim"": 64, ""hidden_dim"": 0, ""event_agg"": ""none"", ""agg_activation"": ""none"", ""attn_type"": ""dot"", ""time_decay"": ""none"", ""max_neighbors"": 0, ""memory_cell"": ""gru"", ""time_proj"": ""off"", ""memory_gate"": ""off"", ""enable_event_agg"": ""off"", ""enable_graph_update"": ""off"", ""message_mode"": ""peer"", ""msg_linear"": ""off""}"
17,rerank,val,0.42823962002404625,0.42823962002404625,,0.42823962002404625,0.4782391195597799,7872,45.603,jodie_rnn,"{""dataset"": ""wikipedia"", ""dataset_dir"": ""data/public"", ""local_data_path"": """", ""train_ratio"": 0.7, ""val_ratio"": 0.1, ""max_events"": 20000, ""num_users"": 2116, ""num_items"": 648, ""num_interactions"": 3000, ""feature_dim"": 8, ""lr"": 0.0003, ""neg_sample_size"": 5, ""k"": 10, ""selection_metric"": ""mrr"", ""seed"": 42, ""model"": ""jodie_rnn"", ""embedding_dim"": 32, ""hidden_dim"": 0, ""event_agg"": ""none"", ""agg_activation"": ""none"", ""attn_type"": ""dot"", ""time_decay"": ""none"", ""max_neighbors"": 0, ""memory_cell"": ""add"", ""time_proj"": ""off"", ""memory_gate"": ""off"", ""enable_event_agg"": ""off"", ""enable_graph_update"": ""off"", ""message_mode"": ""peer"", ""msg_linear"": ""off""}"
18,coarse,val,0.42216094164529067,0.42216094164529067,,0.42216094164529067,0.5257628814407204,81792,43.273,jodie_rnn,"{""dataset"": ""wikipedia"", ""dataset_dir"": ""data/public"", ""local_data_path"": """", ""train_ratio"": 0.7, ""val_ratio"": 0.1, ""max_events"": 20000, ""num_users"": 2116, ""num_items"": 648, ""num_interactions"": 3000, ""feature_dim"": 8, ""lr"": 0.0003, ""neg_sample_size"": 5, ""k"": 10, ""selection_metric"": ""mrr"", ""seed"": 42, ""model"": ""jodie_rnn"", ""embedding_dim"": 64, ""hidden_dim"": 0, ""event_agg"": ""none"", ""agg_activation"": ""none"", ""attn_type"": ""dot"", ""time_decay"": ""none"", ""max_neighbors"": 0, ""memory_cell"": ""gru"", ""time_proj"": ""off"", ""memory_gate"": ""off"", ""enable_event_agg"": ""off"", ""enable_graph_update"": ""off"", ""message_mode"": ""peer"", ""msg_linear"": ""off""}"
19,coarse,val,0.4209510378133222,0.4209510378133222,,0.4209510378133222,0.46823411705852924,7872,17.9993,jodie_rnn,"{""dataset"": ""wikipedia"", ""dataset_dir"": ""data/public"", ""local_data_path"": """", ""train_ratio"": 0.7, ""val_ratio"": 0.1, ""max_events"": 20000, ""num_users"": 2116, ""num_items"": 648, ""num_interactions"": 3000, ""feature_dim"": 8, ""lr"": 0.0003, ""neg_sample_size"": 5, ""k"": 10, ""selection_metric"": ""mrr"", ""seed"": 42, ""model"": ""jodie_rnn"", ""embedding_dim"": 32, ""hidden_dim"": 0, ""event_agg"": ""none"", ""agg_activation"": ""none"", ""attn_type"": ""dot"", ""time_decay"": ""none"", ""max_neighbors"": 0, ""memory_cell"": ""add"", ""time_proj"": ""off"", ""memory_gate"": ""off"", ""enable_event_agg"": ""off"", ""enable_graph_update"": ""off"", ""message_mode"": ""peer"", ""msg_linear"": ""off""}"
20,rerank,val,0.4024674561174407,0.4024674561174407,,0.4024674561174407,0.4497248624312156,7872,43.7811,jodie_rnn,"{""dataset"": ""wikipedia"", ""dataset_dir"": ""data/public"", ""local_data_path"": """", ""train_ratio"": 0.7, ""val_ratio"": 0.1, ""max_events"": 20000, ""num_users"": 2116, ""num_items"": 648, ""num_interactions"": 3000, ""feature_dim"": 8, ""lr"": 0.0003, ""neg_sample_size"": 5, ""k"": 10, ""selection_metric"": ""mrr"", ""seed"": 42, ""model"": ""jodie_rnn"", ""embedding_dim"": 32, ""hidden_dim"": 0, ""event_agg"": ""none"", ""agg_activation"": ""none"", ""attn_type"": ""dot"", ""time_decay"": ""none"", ""max_neighbors"": 0, ""memory_cell"": ""lstm"", ""time_proj"": ""off"", ""memory_gate"": ""off"", ""enable_event_agg"": ""off"", ""enable_graph_update"": ""off"", ""message_mode"": ""peer"", ""msg_linear"": ""off""}"
21,coarse,val,0.40188988562471506,0.40188988562471506,,0.40188988562471506,0.4517258629314657,7872,17.7092,jodie_rnn,"{""dataset"": ""wikipedia"", ""dataset_dir"": ""data/public"", ""local_data_path"": """", ""train_ratio"": 0.7, ""val_ratio"": 0.1, ""max_events"": 20000, ""num_users"": 2116, ""num_items"": 648, ""num_interactions"": 3000, ""feature_dim"": 8, ""lr"": 0.0003, ""neg_sample_size"": 5, ""k"": 10, ""selection_metric"": ""mrr"", ""seed"": 42, ""model"": ""jodie_rnn"", ""embedding_dim"": 32, ""hidden_dim"": 0, ""event_agg"": ""none"", ""agg_activation"": ""none"", ""attn_type"": ""dot"", ""time_decay"": ""none"", ""max_neighbors"": 0, ""memory_cell"": ""lstm"", ""time_proj"": ""off"", ""memory_gate"": ""off"", ""enable_event_agg"": ""off"", ""enable_graph_update"": ""off"", ""message_mode"": ""peer"", ""msg_linear"": ""off""}"
22,coarse,val,0.3079469096378081,0.3079469096378081,,0.3079469096378081,0.4442221110555278,21440,19.8344,jodie_rnn,"{""dataset"": ""wikipedia"", ""dataset_dir"": ""data/public"", ""local_data_path"": """", ""train_ratio"": 0.7, ""val_ratio"": 0.1, ""max_events"": 20000, ""num_users"": 2116, ""num_items"": 648, ""num_interactions"": 3000, ""feature_dim"": 8, ""lr"": 0.0003, ""neg_sample_size"": 5, ""k"": 10, ""selection_metric"": ""mrr"", ""seed"": 42, ""model"": ""jodie_rnn"", ""embedding_dim"": 32, ""hidden_dim"": 0, ""event_agg"": ""none"", ""agg_activation"": ""none"", ""attn_type"": ""dot"", ""time_decay"": ""none"", ""max_neighbors"": 0, ""memory_cell"": ""gru"", ""time_proj"": ""off"", ""memory_gate"": ""off"", ""enable_event_agg"": ""off"", ""enable_graph_update"": ""off"", ""message_mode"": ""peer"", ""msg_linear"": ""off""}"
23,coarse,val,0.27155025571302793,0.27155025571302793,,0.27155025571302793,0.4287143571785893,21440,20.7615,jodie_rnn,"{""dataset"": ""wikipedia"", ""dataset_dir"": ""data/public"", ""local_data_path"": """", ""train_ratio"": 0.7, ""val_ratio"": 0.1, ""max_events"": 20000, ""num_users"": 2116, ""num_items"": 648, ""num_interactions"": 3000, ""feature_dim"": 8, ""lr"": 0.0003, ""neg_sample_size"": 5, ""k"": 10, ""selection_metric"": ""mrr"", ""seed"": 42, ""model"": ""jodie_rnn"", ""embedding_dim"": 32, ""hidden_dim"": 0, ""event_agg"": ""none"", ""agg_activation"": ""none"", ""attn_type"": ""dot"", ""time_decay"": ""none"", ""max_neighbors"": 0, ""memory_cell"": ""gru"", ""time_proj"": ""off"", ""memory_gate"": ""off"", ""enable_event_agg"": ""off"", ""enable_graph_update"": ""off"", ""message_mode"": ""peer"", ""msg_linear"": ""off""}"
24,coarse,val,0.156951340762888,0.156951340762888,,0.156951340762888,0.29014507253626814,106561,53.8318,temporal_event_gnn_jodie,"{""dataset"": ""wikipedia"", ""dataset_dir"": ""data/public"", ""local_data_path"": """", ""train_ratio"": 0.7, ""val_ratio"": 0.1, ""max_events"": 20000, ""num_users"": 2116, ""num_items"": 648, ""num_interactions"": 3000, ""feature_dim"": 8, ""lr"": 0.0003, ""neg_sample_size"": 5, ""k"": 10, ""selection_metric"": ""mrr"", ""seed"": 42, ""model"": ""temporal_event_gnn_jodie"", ""embedding_dim"": 64, ""hidden_dim"": 64, ""event_agg"": ""none"", ""agg_activation"": ""none"", ""attn_type"": ""dot"", ""time_decay"": ""none"", ""max_neighbors"": 10, ""memory_cell"": ""gru"", ""time_proj"": ""off"", ""memory_gate"": ""on"", ""enable_event_agg"": ""off"", ""enable_graph_update"": ""on"", ""message_mode"": ""peer"", ""msg_linear"": ""on""}"
25,coarse,val,0.10822744162961856,0.10822744162961856,,0.10822744162961856,0.22761380690345173,50689,43.6115,temporal_event_gnn_jodie,"{""dataset"": ""wikipedia"", ""dataset_dir"": ""data/public"", ""local_data_path"": """", ""train_ratio"": 0.7, ""val_ratio"": 0.1, ""max_events"": 20000, ""num_users"": 2116, ""num_items"": 648, ""num_interactions"": 3000, ""feature_dim"": 8, ""lr"": 0.0003, ""neg_sample_size"": 5, ""k"": 10, ""selection_metric"": ""mrr"", ""seed"": 42, ""model"": ""temporal_event_gnn_jodie"", ""embedding_dim"": 64, ""hidden_dim"": 64, ""event_agg"": ""none"", ""agg_activation"": ""none"", ""attn_type"": ""dot"", ""time_decay"": ""none"", ""max_neighbors"": 40, ""memory_cell"": ""rnn"", ""time_proj"": ""off"", ""memory_gate"": ""on"", ""enable_event_agg"": ""off"", ""enable_graph_update"": ""on"", ""message_mode"": ""peer"", ""msg_linear"": ""off""}"
26,coarse,val,0.05100012495464931,0.05100012495464931,,0.05100012495464931,0.09254627313656828,54785,57.5785,temporal_event_gnn_jodie,"{""dataset"": ""wikipedia"", ""dataset_dir"": ""data/public"", ""local_data_path"": """", ""train_ratio"": 0.7, ""val_ratio"": 0.1, ""max_events"": 20000, ""num_users"": 2116, ""num_items"": 648, ""num_interactions"": 3000, ""feature_dim"": 8, ""lr"": 0.0003, ""neg_sample_size"": 5, ""k"": 10, ""selection_metric"": ""mrr"", ""seed"": 42, ""model"": ""temporal_event_gnn_jodie"", ""embedding_dim"": 64, ""hidden_dim"": 128, ""event_agg"": ""sum"", ""agg_activation"": ""gelu"", ""attn_type"": ""dot"", ""time_decay"": ""inverse"", ""max_neighbors"": 20, ""memory_cell"": ""add"", ""time_proj"": ""off"", ""memory_gate"": ""on"", ""enable_event_agg"": ""on"", ""enable_graph_update"": ""on"", ""message_mode"": ""agg"", ""msg_linear"": ""off""}"
27,coarse,val,0.04880369351238053,0.04880369351238053,,0.04880369351238053,0.08704352176088044,58945,68.5805,temporal_event_gnn_jodie,"{""dataset"": ""wikipedia"", ""dataset_dir"": ""data/public"", ""local_data_path"": """", ""train_ratio"": 0.7, ""val_ratio"": 0.1, ""max_events"": 20000, ""num_users"": 2116, ""num_items"": 648, ""num_interactions"": 3000, ""feature_dim"": 8, ""lr"": 0.0003, ""neg_sample_size"": 5, ""k"": 10, ""selection_metric"": ""mrr"", ""seed"": 42, ""model"": ""temporal_event_gnn_jodie"", ""embedding_dim"": 64, ""hidden_dim"": 128, ""event_agg"": ""attn"", ""agg_activation"": ""tanh"", ""attn_type"": ""mlp"", ""time_decay"": ""inverse"", ""max_neighbors"": 20, ""memory_cell"": ""add"", ""time_proj"": ""off"", ""memory_gate"": ""on"", ""enable_event_agg"": ""on"", ""enable_graph_update"": ""on"", ""message_mode"": ""agg"", ""msg_linear"": ""on""}"
28,coarse,val,0.04198771524071262,0.04198771524071262,,0.04198771524071262,0.0865432716358179,518785,50.492,temporal_event_gnn_jodie,"{""dataset"": ""wikipedia"", ""dataset_dir"": ""data/public"", ""local_data_path"": """", ""train_ratio"": 0.7, ""val_ratio"": 0.1, ""max_events"": 20000, ""num_users"": 2116, ""num_items"": 648, ""num_interactions"": 3000, ""feature_dim"": 8, ""lr"": 0.0003, ""neg_sample_size"": 5, ""k"": 10, ""selection_metric"": ""mrr"", ""seed"": 42, ""model"": ""temporal_event_gnn_jodie"", ""embedding_dim"": 128, ""hidden_dim"": 128, ""event_agg"": ""none"", ""agg_activation"": ""none"", ""attn_type"": ""dot"", ""time_decay"": ""none"", ""max_neighbors"": 10, ""memory_cell"": ""lstm"", ""time_proj"": ""off"", ""memory_gate"": ""on"", ""enable_event_agg"": ""off"", ""enable_graph_update"": ""off"", ""message_mode"": ""peer"", ""msg_linear"": ""on""}"
29,coarse,val,0.01075671441969772,0.01075671441969772,,0.01075671441969772,0.015007503751875938,20385,22.8433,temporal_event_gnn_jodie,"{""dataset"": ""wikipedia"", ""dataset_dir"": ""data/public"", ""local_data_path"": """", ""train_ratio"": 0.7, ""val_ratio"": 0.1, ""max_events"": 20000, ""num_users"": 2116, ""num_items"": 648, ""num_interactions"": 3000, ""feature_dim"": 8, ""lr"": 0.0003, ""neg_sample_size"": 5, ""k"": 10, ""selection_metric"": ""mrr"", ""seed"": 42, ""model"": ""temporal_event_gnn_jodie"", ""embedding_dim"": 32, ""hidden_dim"": 128, ""event_agg"": ""none"", ""agg_activation"": ""none"", ""attn_type"": ""dot"", ""time_decay"": ""none"", ""max_neighbors"": 20, ""memory_cell"": ""add"", ""time_proj"": ""linear"", ""memory_gate"": ""on"", ""enable_event_agg"": ""off"", ""enable_graph_update"": ""on"", ""message_mode"": ""peer"", ""msg_linear"": ""off""}"
30,coarse,val,0.00892991809773721,0.00892991809773721,,0.00892991809773721,0.011005502751375688,140737,56.423,temporal_event_gnn_jodie,"{""dataset"": ""wikipedia"", ""dataset_dir"": ""data/public"", ""local_data_path"": """", ""train_ratio"": 0.7, ""val_ratio"": 0.1, ""max_events"": 20000, ""num_users"": 2116, ""num_items"": 648, ""num_interactions"": 3000, ""feature_dim"": 8, ""lr"": 0.0003, ""neg_sample_size"": 5, ""k"": 10, ""selection_metric"": ""mrr"", ""seed"": 42, ""model"": ""temporal_event_gnn_jodie"", ""embedding_dim"": 64, ""hidden_dim"": 128, ""event_agg"": ""none"", ""agg_activation"": ""none"", ""attn_type"": ""dot"", ""time_decay"": ""none"", ""max_neighbors"": 10, ""memory_cell"": ""lstm"", ""time_proj"": ""linear"", ""memory_gate"": ""off"", ""enable_event_agg"": ""off"", ""enable_graph_update"": ""off"", ""message_mode"": ""peer"", ""msg_linear"": ""off""}"
31,coarse,val,0.008110812643900336,0.008110812643900336,,0.008110812643900336,0.006003001500750375,30080,45.2638,jodie_rnn,"{""dataset"": ""wikipedia"", ""dataset_dir"": ""data/public"", ""local_data_path"": """", ""train_ratio"": 0.7, ""val_ratio"": 0.1, ""max_events"": 20000, ""num_users"": 2116, ""num_items"": 648, ""num_interactions"": 3000, ""feature_dim"": 8, ""lr"": 0.0003, ""neg_sample_size"": 5, ""k"": 10, ""selection_metric"": ""mrr"", ""seed"": 42, ""model"": ""jodie_rnn"", ""embedding_dim"": 64, ""hidden_dim"": 0, ""event_agg"": ""none"", ""agg_activation"": ""none"", ""attn_type"": ""dot"", ""time_decay"": ""none"", ""max_neighbors"": 0, ""memory_cell"": ""lstm"", ""time_proj"": ""linear"", ""memory_gate"": ""off"", ""enable_event_agg"": ""off"", ""enable_graph_update"": ""off"", ""message_mode"": ""peer"", ""msg_linear"": ""off""}"
32,coarse,val,0.007947554871931167,0.007947554871931167,,0.007947554871931167,0.01250625312656328,21440,23.0058,jodie_rnn,"{""dataset"": ""wikipedia"", ""dataset_dir"": ""data/public"", ""local_data_path"": """", ""train_ratio"": 0.7, ""val_ratio"": 0.1, ""max_events"": 20000, ""num_users"": 2116, ""num_items"": 648, ""num_interactions"": 3000, ""feature_dim"": 8, ""lr"": 0.0003, ""neg_sample_size"": 5, ""k"": 10, ""selection_metric"": ""mrr"", ""seed"": 42, ""model"": ""jodie_rnn"", ""embedding_dim"": 32, ""hidden_dim"": 0, ""event_agg"": ""none"", ""agg_activation"": ""none"", ""attn_type"": ""dot"", ""time_decay"": ""none"", ""max_neighbors"": 0, ""memory_cell"": ""gru"", ""time_proj"": ""linear"", ""memory_gate"": ""off"", ""enable_event_agg"": ""off"", ""enable_graph_update"": ""off"", ""message_mode"": ""peer"", ""msg_linear"": ""off""}"
33,coarse,val,0.007947554871931167,0.007947554871931167,,0.007947554871931167,0.01250625312656328,81792,54.287,jodie_rnn,"{""dataset"": ""wikipedia"", ""dataset_dir"": ""data/public"", ""local_data_path"": """", ""train_ratio"": 0.7, ""val_ratio"": 0.1, ""max_events"": 20000, ""num_users"": 2116, ""num_items"": 648, ""num_interactions"": 3000, ""feature_dim"": 8, ""lr"": 0.0003, ""neg_sample_size"": 5, ""k"": 10, ""selection_metric"": ""mrr"", ""seed"": 42, ""model"": ""jodie_rnn"", ""embedding_dim"": 64, ""hidden_dim"": 0, ""event_agg"": ""none"", ""agg_activation"": ""none"", ""attn_type"": ""dot"", ""time_decay"": ""none"", ""max_neighbors"": 0, ""memory_cell"": ""gru"", ""time_proj"": ""linear"", ""memory_gate"": ""off"", ""enable_event_agg"": ""off"", ""enable_graph_update"": ""off"", ""message_mode"": ""peer"", ""msg_linear"": ""off""}"
34,coarse,val,0.007834119996115732,0.007834119996115732,,0.007834119996115732,0.010505252626313157,165569,65.8909,temporal_event_gnn_jodie,"{""dataset"": ""wikipedia"", ""dataset_dir"": ""data/public"", ""local_data_path"": """", ""train_ratio"": 0.7, ""val_ratio"": 0.1, ""max_events"": 20000, ""num_users"": 2116, ""num_items"": 648, ""num_interactions"": 3000, ""feature_dim"": 8, ""lr"": 0.0003, ""neg_sample_size"": 5, ""k"": 10, ""selection_metric"": ""mrr"", ""seed"": 42, ""model"": ""temporal_event_gnn_jodie"", ""embedding_dim"": 64, ""hidden_dim"": 256, ""event_agg"": ""none"", ""agg_activation"": ""none"", ""attn_type"": ""dot"", ""time_decay"": ""none"", ""max_neighbors"": 20, ""memory_cell"": ""lstm"", ""time_proj"": ""linear"", ""memory_gate"": ""on"", ""enable_event_agg"": ""off"", ""enable_graph_update"": ""off"", ""message_mode"": ""peer"", ""msg_linear"": ""off""}"
35,coarse,val,0.007714417602756068,0.007714417602756068,,0.007714417602756068,0.005502751375687844,43905,86.7789,temporal_event_gnn_jodie,"{""dataset"": ""wikipedia"", ""dataset_dir"": ""data/public"", ""local_data_path"": """", ""train_ratio"": 0.7, ""val_ratio"": 0.1, ""max_events"": 20000, ""num_users"": 2116, ""num_items"": 648, ""num_interactions"": 3000, ""feature_dim"": 8, ""lr"": 0.0003, ""neg_sample_size"": 5, ""k"": 10, ""selection_metric"": ""mrr"", ""seed"": 42, ""model"": ""temporal_event_gnn_jodie"", ""embedding_dim"": 32, ""hidden_dim"": 128, ""event_agg"": ""attn"", ""agg_activation"": ""gelu"", ""attn_type"": ""mlp"", ""time_decay"": ""none"", ""max_neighbors"": 10, ""memory_cell"": ""lstm"", ""time_proj"": ""linear"", ""memory_gate"": ""on"", ""enable_event_agg"": ""on"", ""enable_graph_update"": ""on"", ""message_mode"": ""agg"", ""msg_linear"": ""on""}"
36,coarse,val,0.007306252074383671,0.007306252074383671,,0.007306252074383671,0.007503751875937969,30080,44.9617,jodie_rnn,"{""dataset"": ""wikipedia"", ""dataset_dir"": ""data/public"", ""local_data_path"": """", ""train_ratio"": 0.7, ""val_ratio"": 0.1, ""max_events"": 20000, ""num_users"": 2116, ""num_items"": 648, ""num_interactions"": 3000, ""feature_dim"": 8, ""lr"": 0.0003, ""neg_sample_size"": 5, ""k"": 10, ""selection_metric"": ""mrr"", ""seed"": 42, ""model"": ""jodie_rnn"", ""embedding_dim"": 64, ""hidden_dim"": 0, ""event_agg"": ""none"", ""agg_activation"": ""none"", ""attn_type"": ""dot"", ""time_decay"": ""none"", ""max_neighbors"": 0, ""memory_cell"": ""add"", ""time_proj"": ""mlp"", ""memory_gate"": ""off"", ""enable_event_agg"": ""off"", ""enable_graph_update"": ""off"", ""message_mode"": ""peer"", ""msg_linear"": ""off""}"
37,coarse,val,0.0067652500750462604,0.0067652500750462604,,0.0067652500750462604,0.006003001500750375,123265,79.694,temporal_event_gnn_jodie,"{""dataset"": ""wikipedia"", ""dataset_dir"": ""data/public"", ""local_data_path"": """", ""train_ratio"": 0.7, ""val_ratio"": 0.1, ""max_events"": 20000, ""num_users"": 2116, ""num_items"": 648, ""num_interactions"": 3000, ""feature_dim"": 8, ""lr"": 0.0003, ""neg_sample_size"": 5, ""k"": 10, ""selection_metric"": ""mrr"", ""seed"": 42, ""model"": ""temporal_event_gnn_jodie"", ""embedding_dim"": 64, ""hidden_dim"": 128, ""event_agg"": ""none"", ""agg_activation"": ""none"", ""attn_type"": ""dot"", ""time_decay"": ""none"", ""max_neighbors"": 40, ""memory_cell"": ""gru"", ""time_proj"": ""mlp"", ""memory_gate"": ""off"", ""enable_event_agg"": ""off"", ""enable_graph_update"": ""on"", ""message_mode"": ""agg"", ""msg_linear"": ""on""}"
38,coarse,val,0.006647500304453615,0.006647500304453615,,0.006647500304453615,0.0065032516258129065,117504,52.39,jodie_rnn,"{""dataset"": ""wikipedia"", ""dataset_dir"": ""data/public"", ""local_data_path"": """", ""train_ratio"": 0.7, ""val_ratio"": 0.1, ""max_events"": 20000, ""num_users"": 2116, ""num_items"": 648, ""num_interactions"": 3000, ""feature_dim"": 8, ""lr"": 0.0003, ""neg_sample_size"": 5, ""k"": 10, ""selection_metric"": ""mrr"", ""seed"": 42, ""model"": ""jodie_rnn"", ""embedding_dim"": 128, ""hidden_dim"": 0, ""event_agg"": ""none"", ""agg_activation"": ""none"", ""attn_type"": ""dot"", ""time_decay"": ""none"", ""max_neighbors"": 0, ""memory_cell"": ""rnn"", ""time_proj"": ""linear"", ""memory_gate"": ""off"", ""enable_event_agg"": ""off"", ""enable_graph_update"": ""off"", ""message_mode"": ""peer"", ""msg_linear"": ""off""}"
39,coarse,val,0.0065495686433771115,0.0065495686433771115,,0.0065495686433771115,0.003501750875437719,30080,45.5698,jodie_rnn,"{""dataset"": ""wikipedia"", ""dataset_dir"": ""data/public"", ""local_data_path"": """", ""train_ratio"": 0.7, ""val_ratio"": 0.1, ""max_events"": 20000, ""num_users"": 2116, ""num_items"": 648, ""num_interactions"": 3000, ""feature_dim"": 8, ""lr"": 0.0003, ""neg_sample_size"": 5, ""k"": 10, ""selection_metric"": ""mrr"", ""seed"": 42, ""model"": ""jodie_rnn"", ""embedding_dim"": 64, ""hidden_dim"": 0, ""event_agg"": ""none"", ""agg_activation"": ""none"", ""attn_type"": ""dot"", ""time_decay"": ""none"", ""max_neighbors"": 0, ""memory_cell"": ""rnn"", ""time_proj"": ""linear"", ""memory_gate"": ""off"", ""enable_event_agg"": ""off"", ""enable_graph_update"": ""off"", ""message_mode"": ""peer"", ""msg_linear"": ""off""}"
40,coarse,val,0.006290242350519904,0.006290242350519904,,0.006290242350519904,0.003501750875437719,173953,78.5457,temporal_event_gnn_jodie,"{""dataset"": ""wikipedia"", ""dataset_dir"": ""data/public"", ""local_data_path"": """", ""train_ratio"": 0.7, ""val_ratio"": 0.1, ""max_events"": 20000, ""num_users"": 2116, ""num_items"": 648, ""num_interactions"": 3000, ""feature_dim"": 8, ""lr"": 0.0003, ""neg_sample_size"": 5, ""k"": 10, ""selection_metric"": ""mrr"", ""seed"": 42, ""model"": ""temporal_event_gnn_jodie"", ""embedding_dim"": 64, ""hidden_dim"": 256, ""event_agg"": ""none"", ""agg_activation"": ""none"", ""attn_type"": ""dot"", ""time_decay"": ""none"", ""max_neighbors"": 40, ""memory_cell"": ""lstm"", ""time_proj"": ""mlp"", ""memory_gate"": ""off"", ""enable_event_agg"": ""off"", ""enable_graph_update"": ""on"", ""message_mode"": ""peer"", ""msg_linear"": ""on""}"
41,coarse,val,0.006259514253748016,0.006259514253748016,,0.006259514253748016,0.006003001500750375,143873,55.4487,temporal_event_gnn_jodie,"{""dataset"": ""wikipedia"", ""dataset_dir"": ""data/public"", ""local_data_path"": """", ""train_ratio"": 0.7, ""val_ratio"": 0.1, ""max_events"": 20000, ""num_users"": 2116, ""num_items"": 648, ""num_interactions"": 3000, ""feature_dim"": 8, ""lr"": 0.0003, ""neg_sample_size"": 5, ""k"": 10, ""selection_metric"": ""mrr"", ""seed"": 42, ""model"": ""temporal_event_gnn_jodie"", ""embedding_dim"": 64, ""hidden_dim"": 256, ""event_agg"": ""none"", ""agg_activation"": ""none"", ""attn_type"": ""dot"", ""time_decay"": ""none"", ""max_neighbors"": 10, ""memory_cell"": ""gru"", ""time_proj"": ""linear"", ""memory_gate"": ""off"", ""enable_event_agg"": ""off"", ""enable_graph_update"": ""on"", ""message_mode"": ""peer"", ""msg_linear"": ""on""}"
42,coarse,val,0.005872163353878426,0.005872163353878426,,0.005872163353878426,0.003501750875437719,117504,51.7135,jodie_rnn,"{""dataset"": ""wikipedia"", ""dataset_dir"": ""data/public"", ""local_data_path"": """", ""train_ratio"": 0.7, ""val_ratio"": 0.1, ""max_events"": 20000, ""num_users"": 2116, ""num_items"": 648, ""num_interactions"": 3000, ""feature_dim"": 8, ""lr"": 0.0003, ""neg_sample_size"": 5, ""k"": 10, ""selection_metric"": ""mrr"", ""seed"": 42, ""model"": ""jodie_rnn"", ""embedding_dim"": 128, ""hidden_dim"": 0, ""event_agg"": ""none"", ""agg_activation"": ""none"", ""attn_type"": ""dot"", ""time_decay"": ""none"", ""max_neighbors"": 0, ""memory_cell"": ""rnn"", ""time_proj"": ""linear"", ""memory_gate"": ""off"", ""enable_event_agg"": ""off"", ""enable_graph_update"": ""off"", ""message_mode"": ""peer"", ""msg_linear"": ""off""}"
43,coarse,val,0.00585541967295252,0.00585541967295252,,0.00585541967295252,0.004502251125562781,63169,46.8839,temporal_event_gnn_jodie,"{""dataset"": ""wikipedia"", ""dataset_dir"": ""data/public"", ""local_data_path"": """", ""train_ratio"": 0.7, ""val_ratio"": 0.1, ""max_events"": 20000, ""num_users"": 2116, ""num_items"": 648, ""num_interactions"": 3000, ""feature_dim"": 8, ""lr"": 0.0003, ""neg_sample_size"": 5, ""k"": 10, ""selection_metric"": ""mrr"", ""seed"": 42, ""model"": ""temporal_event_gnn_jodie"", ""embedding_dim"": 64, ""hidden_dim"": 128, ""event_agg"": ""none"", ""agg_activation"": ""none"", ""attn_type"": ""dot"", ""time_decay"": ""none"", ""max_neighbors"": 40, ""memory_cell"": ""rnn"", ""time_proj"": ""linear"", ""memory_gate"": ""off"", ""enable_event_agg"": ""off"", ""enable_graph_update"": ""off"", ""message_mode"": ""peer"", ""msg_linear"": ""off""}"
44,coarse,val,0.005838015440281861,0.005838015440281861,,0.005838015440281861,0.005502751375687844,110849,65.9343,temporal_event_gnn_jodie,"{""dataset"": ""wikipedia"", ""dataset_dir"": ""data/public"", ""local_data_path"": """", ""train_ratio"": 0.7, ""val_ratio"": 0.1, ""max_events"": 20000, ""num_users"": 2116, ""num_items"": 648, ""num_interactions"": 3000, ""feature_dim"": 8, ""lr"": 0.0003, ""neg_sample_size"": 5, ""k"": 10, ""selection_metric"": ""mrr"", ""seed"": 42, ""model"": ""temporal_event_gnn_jodie"", ""embedding_dim"": 64, ""hidden_dim"": 64, ""event_agg"": ""none"", ""agg_activation"": ""none"", ""attn_type"": ""dot"", ""time_decay"": ""none"", ""max_neighbors"": 10, ""memory_cell"": ""gru"", ""time_proj"": ""mlp"", ""memory_gate"": ""off"", ""enable_event_agg"": ""off"", ""enable_graph_update"": ""off"", ""message_mode"": ""peer"", ""msg_linear"": ""on""}"
45,coarse,val,0.005724205403672271,0.005724205403672271,,0.005724205403672271,0.004502251125562781,21473,33.295,temporal_event_gnn_jodie,"{""dataset"": ""wikipedia"", ""dataset_dir"": ""data/public"", ""local_data_path"": """", ""train_ratio"": 0.7, ""val_ratio"": 0.1, ""max_events"": 20000, ""num_users"": 2116, ""num_items"": 648, ""num_interactions"": 3000, ""feature_dim"": 8, ""lr"": 0.0003, ""neg_sample_size"": 5, ""k"": 10, ""selection_metric"": ""mrr"", ""seed"": 42, ""model"": ""temporal_event_gnn_jodie"", ""embedding_dim"": 32, ""hidden_dim"": 128, ""event_agg"": ""sum"", ""agg_activation"": ""gelu"", ""attn_type"": ""dot"", ""time_decay"": ""exp"", ""max_neighbors"": 20, ""memory_cell"": ""add"", ""time_proj"": ""mlp"", ""memory_gate"": ""on"", ""enable_event_agg"": ""on"", ""enable_graph_update"": ""off"", ""message_mode"": ""agg"", ""msg_linear"": ""off""}"
46,coarse,val,0.005666640069502598,0.005666640069502598,,0.005666640069502598,0.0015007503751875938,30080,46.728,jodie_rnn,"{""dataset"": ""wikipedia"", ""dataset_dir"": ""data/public"", ""local_data_path"": """", ""train_ratio"": 0.7, ""val_ratio"": 0.1, ""max_events"": 20000, ""num_users"": 2116, ""num_items"": 648, ""num_interactions"": 3000, ""feature_dim"": 8, ""lr"": 0.0003, ""neg_sample_size"": 5, ""k"": 10, ""selection_metric"": ""mrr"", ""seed"": 42, ""model"": ""jodie_rnn"", ""embedding_dim"": 64, ""hidden_dim"": 0, ""event_agg"": ""none"", ""agg_activation"": ""none"", ""attn_type"": ""dot"", ""time_decay"": ""none"", ""max_neighbors"": 0, ""memory_cell"": ""add"", ""time_proj"": ""mlp"", ""memory_gate"": ""off"", ""enable_event_agg"": ""off"", ""enable_graph_update"": ""off"", ""message_mode"": ""peer"", ""msg_linear"": ""off""}"
47,coarse,val,0.005619551996558266,0.005619551996558266,,0.005619551996558266,0.003501750875437719,7872,22.616,jodie_rnn,"{""dataset"": ""wikipedia"", ""dataset_dir"": ""data/public"", ""local_data_path"": """", ""train_ratio"": 0.7, ""val_ratio"": 0.1, ""max_events"": 20000, ""num_users"": 2116, ""num_items"": 648, ""num_interactions"": 3000, ""feature_dim"": 8, ""lr"": 0.0003, ""neg_sample_size"": 5, ""k"": 10, ""selection_metric"": ""mrr"", ""seed"": 42, ""model"": ""jodie_rnn"", ""embedding_dim"": 32, ""hidden_dim"": 0, ""event_agg"": ""none"", ""agg_activation"": ""none"", ""attn_type"": ""dot"", ""time_decay"": ""none"", ""max_neighbors"": 0, ""memory_cell"": ""add"", ""time_proj"": ""mlp"", ""memory_gate"": ""off"", ""enable_event_agg"": ""off"", ""enable_graph_update"": ""off"", ""message_mode"": ""peer"", ""msg_linear"": ""off""}"
48,coarse,val,0.005608703266729044,0.005608703266729044,,0.005608703266729044,0.0015007503751875938,30080,46.4002,jodie_rnn,"{""dataset"": ""wikipedia"", ""dataset_dir"": ""data/public"", ""local_data_path"": """", ""train_ratio"": 0.7, ""val_ratio"": 0.1, ""max_events"": 20000, ""num_users"": 2116, ""num_items"": 648, ""num_interactions"": 3000, ""feature_dim"": 8, ""lr"": 0.0003, ""neg_sample_size"": 5, ""k"": 10, ""selection_metric"": ""mrr"", ""seed"": 42, ""model"": ""jodie_rnn"", ""embedding_dim"": 64, ""hidden_dim"": 0, ""event_agg"": ""none"", ""agg_activation"": ""none"", ""attn_type"": ""dot"", ""time_decay"": ""none"", ""max_neighbors"": 0, ""memory_cell"": ""rnn"", ""time_proj"": ""linear"", ""memory_gate"": ""off"", ""enable_event_agg"": ""off"", ""enable_graph_update"": ""off"", ""message_mode"": ""peer"", ""msg_linear"": ""off""}"
49,coarse,val,0.005537224327843306,0.005537224327843306,,0.005537224327843306,0.0030015007503751876,7872,23.0968,jodie_rnn,"{""dataset"": ""wikipedia"", ""dataset_dir"": ""data/public"", ""local_data_path"": """", ""train_ratio"": 0.7, ""val_ratio"": 0.1, ""max_events"": 20000, ""num_users"": 2116, ""num_items"": 648, ""num_interactions"": 3000, ""feature_dim"": 8, ""lr"": 0.0003, ""neg_sample_size"": 5, ""k"": 10, ""selection_metric"": ""mrr"", ""seed"": 42, ""model"": ""jodie_rnn"", ""embedding_dim"": 32, ""hidden_dim"": 0, ""event_agg"": ""none"", ""agg_activation"": ""none"", ""attn_type"": ""dot"", ""time_decay"": ""none"", ""max_neighbors"": 0, ""memory_cell"": ""lstm"", ""time_proj"": ""mlp"", ""memory_gate"": ""off"", ""enable_event_agg"": ""off"", ""enable_graph_update"": ""off"", ""message_mode"": ""peer"", ""msg_linear"": ""off""}"
50,coarse,val,0.005534759988554841,0.005534759988554841,,0.005534759988554841,0.002001000500250125,7872,22.6149,jodie_rnn,"{""dataset"": ""wikipedia"", ""dataset_dir"": ""data/public"", ""local_data_path"": """", ""train_ratio"": 0.7, ""val_ratio"": 0.1, ""max_events"": 20000, ""num_users"": 2116, ""num_items"": 648, ""num_interactions"": 3000, ""feature_dim"": 8, ""lr"": 0.0003, ""neg_sample_size"": 5, ""k"": 10, ""selection_metric"": ""mrr"", ""seed"": 42, ""model"": ""jodie_rnn"", ""embedding_dim"": 32, ""hidden_dim"": 0, ""event_agg"": ""none"", ""agg_activation"": ""none"", ""attn_type"": ""dot"", ""time_decay"": ""none"", ""max_neighbors"": 0, ""memory_cell"": ""add"", ""time_proj"": ""linear"", ""memory_gate"": ""off"", ""enable_event_agg"": ""off"", ""enable_graph_update"": ""off"", ""message_mode"": ""peer"", ""msg_linear"": ""off""}"
51,coarse,val,0.005354927692059477,0.005354927692059477,,0.005354927692059477,0.0010005002501250625,30080,43.197,jodie_rnn,"{""dataset"": ""wikipedia"", ""dataset_dir"": ""data/public"", ""local_data_path"": """", ""train_ratio"": 0.7, ""val_ratio"": 0.1, ""max_events"": 20000, ""num_users"": 2116, ""num_items"": 648, ""num_interactions"": 3000, ""feature_dim"": 8, ""lr"": 0.0003, ""neg_sample_size"": 5, ""k"": 10, ""selection_metric"": ""mrr"", ""seed"": 42, ""model"": ""jodie_rnn"", ""embedding_dim"": 64, ""hidden_dim"": 0, ""event_agg"": ""none"", ""agg_activation"": ""none"", ""attn_type"": ""dot"", ""time_decay"": ""none"", ""max_neighbors"": 0, ""memory_cell"": ""rnn"", ""time_proj"": ""linear"", ""memory_gate"": ""off"", ""enable_event_agg"": ""off"", ""enable_graph_update"": ""off"", ""message_mode"": ""peer"", ""msg_linear"": ""off""}"
52,coarse,val,0.005257893251381258,0.005257893251381258,,0.005257893251381258,0.0015007503751875938,30080,43.9888,jodie_rnn,"{""dataset"": ""wikipedia"", ""dataset_dir"": ""data/public"", ""local_data_path"": """", ""train_ratio"": 0.7, ""val_ratio"": 0.1, ""max_events"": 20000, ""num_users"": 2116, ""num_items"": 648, ""num_interactions"": 3000, ""feature_dim"": 8, ""lr"": 0.0003, ""neg_sample_size"": 5, ""k"": 10, ""selection_metric"": ""mrr"", ""seed"": 42, ""model"": ""jodie_rnn"", ""embedding_dim"": 64, ""hidden_dim"": 0, ""event_agg"": ""none"", ""agg_activation"": ""none"", ""attn_type"": ""dot"", ""time_decay"": ""none"", ""max_neighbors"": 0, ""memory_cell"": ""lstm"", ""time_proj"": ""mlp"", ""memory_gate"": ""off"", ""enable_event_agg"": ""off"", ""enable_graph_update"": ""off"", ""message_mode"": ""peer"", ""msg_linear"": ""off""}"
53,coarse,val,0.0051881364297409974,0.0051881364297409974,,0.0051881364297409974,0.0,7872,22.496,jodie_rnn,"{""dataset"": ""wikipedia"", ""dataset_dir"": ""data/public"", ""local_data_path"": """", ""train_ratio"": 0.7, ""val_ratio"": 0.1, ""max_events"": 20000, ""num_users"": 2116, ""num_items"": 648, ""num_interactions"": 3000, ""feature_dim"": 8, ""lr"": 0.0003, ""neg_sample_size"": 5, ""k"": 10, ""selection_metric"": ""mrr"", ""seed"": 42, ""model"": ""jodie_rnn"", ""embedding_dim"": 32, ""hidden_dim"": 0, ""event_agg"": ""none"", ""agg_activation"": ""none"", ""attn_type"": ""dot"", ""time_decay"": ""none"", ""max_neighbors"": 0, ""memory_cell"": ""add"", ""time_proj"": ""mlp"", ""memory_gate"": ""off"", ""enable_event_agg"": ""off"", ""enable_graph_update"": ""off"", ""message_mode"": ""peer"", ""msg_linear"": ""off""}"
54,coarse,val,0.0050372054262361856,0.0050372054262361856,,0.0050372054262361856,0.0010005002501250625,117504,52.388,jodie_rnn,"{""dataset"": ""wikipedia"", ""dataset_dir"": ""data/public"", ""local_data_path"": """", ""train_ratio"": 0.7, ""val_ratio"": 0.1, ""max_events"": 20000, ""num_users"": 2116, ""num_items"": 648, ""num_interactions"": 3000, ""feature_dim"": 8, ""lr"": 0.0003, ""neg_sample_size"": 5, ""k"": 10, ""selection_metric"": ""mrr"", ""seed"": 42, ""model"": ""jodie_rnn"", ""embedding_dim"": 128, ""hidden_dim"": 0, ""event_agg"": ""none"", ""agg_activation"": ""none"", ""attn_type"": ""dot"", ""time_decay"": ""none"", ""max_neighbors"": 0, ""memory_cell"": ""lstm"", ""time_proj"": ""linear"", ""memory_gate"": ""off"", ""enable_event_agg"": ""off"", ""enable_graph_update"": ""off"", ""message_mode"": ""peer"", ""msg_linear"": ""off""}"
55,coarse,val,0.005009998234859106,0.005009998234859106,,0.005009998234859106,0.0015007503751875938,30080,44.478,jodie_rnn,"{""dataset"": ""wikipedia"", ""dataset_dir"": ""data/public"", ""local_data_path"": """", ""train_ratio"": 0.7, ""val_ratio"": 0.1, ""max_events"": 20000, ""num_users"": 2116, ""num_items"": 648, ""num_interactions"": 3000, ""feature_dim"": 8, ""lr"": 0.0003, ""neg_sample_size"": 5, ""k"": 10, ""selection_metric"": ""mrr"", ""seed"": 42, ""model"": ""jodie_rnn"", ""embedding_dim"": 64, ""hidden_dim"": 0, ""event_agg"": ""none"", ""agg_activation"": ""none"", ""attn_type"": ""dot"", ""time_decay"": ""none"", ""max_neighbors"": 0, ""memory_cell"": ""add"", ""time_proj"": ""mlp"", ""memory_gate"": ""off"", ""enable_event_agg"": ""off"", ""enable_graph_update"": ""off"", ""message_mode"": ""peer"", ""msg_linear"": ""off""}"
56,coarse,val,0.0049565564368279046,0.0049565564368279046,,0.0049565564368279046,0.0050025012506253125,37121,29.0078,temporal_event_gnn_jodie,"{""dataset"": ""wikipedia"", ""dataset_dir"": ""data/public"", ""local_data_path"": """", ""train_ratio"": 0.7, ""val_ratio"": 0.1, ""max_events"": 20000, ""num_users"": 2116, ""num_items"": 648, ""num_interactions"": 3000, ""feature_dim"": 8, ""lr"": 0.0003, ""neg_sample_size"": 5, ""k"": 10, ""selection_metric"": ""mrr"", ""seed"": 42, ""model"": ""temporal_event_gnn_jodie"", ""embedding_dim"": 32, ""hidden_dim"": 128, ""event_agg"": ""none"", ""agg_activation"": ""none"", ""attn_type"": ""dot"", ""time_decay"": ""none"", ""max_neighbors"": 10, ""memory_cell"": ""gru"", ""time_proj"": ""linear"", ""memory_gate"": ""on"", ""enable_event_agg"": ""off"", ""enable_graph_update"": ""off"", ""message_mode"": ""peer"", ""msg_linear"": ""on""}"
57,coarse,val,0.004953965842540417,0.004953965842540417,,0.004953965842540417,0.002001000500250125,36129,32.5168,temporal_event_gnn_jodie,"{""dataset"": ""wikipedia"", ""dataset_dir"": ""data/public"", ""local_data_path"": """", ""train_ratio"": 0.7, ""val_ratio"": 0.1, ""max_events"": 20000, ""num_users"": 2116, ""num_items"": 648, ""num_interactions"": 3000, ""feature_dim"": 8, ""lr"": 0.0003, ""neg_sample_size"": 5, ""k"": 10, ""selection_metric"": ""mrr"", ""seed"": 42, ""model"": ""temporal_event_gnn_jodie"", ""embedding_dim"": 32, ""hidden_dim"": 256, ""event_agg"": ""none"", ""agg_activation"": ""none"", ""attn_type"": ""dot"", ""time_decay"": ""none"", ""max_neighbors"": 40, ""memory_cell"": ""rnn"", ""time_proj"": ""mlp"", ""memory_gate"": ""off"", ""enable_event_agg"": ""off"", ""enable_graph_update"": ""off"", ""message_mode"": ""agg"", ""msg_linear"": ""off""}"
58,coarse,val,0.004877575505560601,0.004877575505560601,,0.004877575505560601,0.0005002501250625312,22497,25.725,temporal_event_gnn_jodie,"{""dataset"": ""wikipedia"", ""dataset_dir"": ""data/public"", ""local_data_path"": """", ""train_ratio"": 0.7, ""val_ratio"": 0.1, ""max_events"": 20000, ""num_users"": 2116, ""num_items"": 648, ""num_interactions"": 3000, ""feature_dim"": 8, ""lr"": 0.0003, ""neg_sample_size"": 5, ""k"": 10, ""selection_metric"": ""mrr"", ""seed"": 42, ""model"": ""temporal_event_gnn_jodie"", ""embedding_dim"": 32, ""hidden_dim"": 128, ""event_agg"": ""none"", ""agg_activation"": ""none"", ""attn_type"": ""dot"", ""time_decay"": ""none"", ""max_neighbors"": 40, ""memory_cell"": ""rnn"", ""time_proj"": ""linear"", ""memory_gate"": ""off"", ""enable_event_agg"": ""off"", ""enable_graph_update"": ""off"", ""message_mode"": ""agg"", ""msg_linear"": ""off""}"
59,coarse,val,0.003975240386270855,0.003975240386270855,,0.003975240386270855,0.0015007503751875938,54977,79.0705,temporal_event_gnn_jodie,"{""dataset"": ""wikipedia"", ""dataset_dir"": ""data/public"", ""local_data_path"": """", ""train_ratio"": 0.7, ""val_ratio"": 0.1, ""max_events"": 20000, ""num_users"": 2116, ""num_items"": 648, ""num_interactions"": 3000, ""feature_dim"": 8, ""lr"": 0.0003, ""neg_sample_size"": 5, ""k"": 10, ""selection_metric"": ""mrr"", ""seed"": 42, ""model"": ""temporal_event_gnn_jodie"", ""embedding_dim"": 64, ""hidden_dim"": 64, ""event_agg"": ""none"", ""agg_activation"": ""none"", ""attn_type"": ""dot"", ""time_decay"": ""none"", ""max_neighbors"": 40, ""memory_cell"": ""rnn"", ""time_proj"": ""mlp"", ""memory_gate"": ""on"", ""enable_event_agg"": ""off"", ""enable_graph_update"": ""off"", ""message_mode"": ""agg"", ""msg_linear"": ""off""}"
